{
  "train_loss": [
    18.90105438232422,
    16.624622344970703,
    12.664122581481934,
    8.891654968261719,
    5.922252178192139,
    4.344418525695801,
    3.5534603595733643,
    2.8484063148498535,
    2.4048595428466797,
    2.046990394592285,
    1.6271677017211914,
    1.3874070644378662,
    1.2572611570358276,
    1.2078677415847778,
    1.1682442426681519,
    1.143345594406128,
    1.1322311162948608,
    1.1114470958709717,
    1.1335679292678833,
    1.088242769241333,
    1.0395342111587524,
    1.0222853422164917,
    1.00505793094635,
    0.9946222901344299,
    0.9870992302894592,
    1.0602117776870728,
    1.0310207605361938,
    1.0116941928863525,
    1.0382347106933594,
    1.0243124961853027
  ],
  "val_loss": [
    18.3328914642334,
    14.190606117248535,
    10.344934463500977,
    6.806136131286621,
    4.764502048492432,
    3.7230141162872314,
    2.8998842239379883,
    2.374986410140991,
    2.046693801879883,
    1.6125138998031616,
    1.3022047281265259,
    1.1430535316467285,
    1.0849117040634155,
    1.0810928344726562,
    1.0352272987365723,
    1.0426530838012695,
    1.1554343700408936,
    1.0463478565216064,
    1.04226553440094,
    1.0262001752853394,
    0.9820436239242554,
    0.9736790060997009,
    0.9695900678634644,
    1.025147557258606,
    1.0346574783325195,
    0.9719758033752441,
    1.0204460620880127,
    0.9576549530029297,
    0.984306812286377,
    0.9504594802856445
  ]
}