{
  "train_loss": [
    30.584716796875,
    26.165180206298828,
    22.510509490966797,
    20.604814529418945,
    18.17648696899414,
    16.83036231994629,
    16.586559295654297,
    15.913270950317383,
    15.436797142028809,
    15.02935791015625,
    14.861077308654785,
    14.325857162475586,
    14.127821922302246,
    13.8880033493042,
    13.769043922424316,
    13.447677612304688,
    13.287664413452148,
    13.443120956420898,
    12.905031204223633,
    13.210823059082031,
    12.844719886779785,
    12.689411163330078,
    12.614908218383789,
    12.4865140914917,
    12.3657865524292,
    12.120193481445312,
    12.140053749084473,
    12.215567588806152,
    12.059484481811523,
    12.022881507873535,
    11.799877166748047,
    11.872088432312012,
    11.586277961730957,
    11.788029670715332,
    11.65967082977295,
    11.280326843261719,
    11.379963874816895,
    11.30254077911377,
    11.36447811126709,
    11.147120475769043,
    11.156660079956055,
    11.053540229797363,
    11.160686492919922,
    10.776066780090332,
    10.993500709533691,
    10.593361854553223,
    10.505311965942383,
    10.520691871643066,
    10.373437881469727,
    10.607805252075195,
    10.310070037841797,
    10.324724197387695,
    10.420303344726562,
    10.205174446105957,
    10.108393669128418,
    10.024011611938477,
    9.953702926635742,
    9.84122085571289,
    9.535017967224121,
    9.577754020690918,
    9.592510223388672,
    9.515365600585938,
    9.526127815246582,
    9.36926555633545,
    9.461881637573242,
    9.090317726135254,
    9.089374542236328,
    9.080378532409668,
    9.086606979370117,
    8.805976867675781,
    8.772245407104492,
    8.569137573242188,
    8.756129264831543
  ],
  "val_loss": [
    27.776771545410156,
    24.508821487426758,
    22.14650535583496,
    20.572124481201172,
    19.48122215270996,
    18.999568939208984,
    18.313533782958984,
    17.66484260559082,
    17.115833282470703,
    16.59763526916504,
    16.177156448364258,
    16.044525146484375,
    15.832536697387695,
    15.47848892211914,
    15.072128295898438,
    14.603562355041504,
    14.49660873413086,
    14.435952186584473,
    14.41508674621582,
    14.388824462890625,
    14.439806938171387,
    14.442619323730469,
    14.38398551940918,
    14.257720947265625,
    14.272306442260742,
    14.292217254638672,
    14.293844223022461,
    14.239513397216797,
    14.242284774780273,
    14.210403442382812,
    14.186885833740234,
    14.169269561767578,
    14.149358749389648,
    14.166876792907715,
    14.121862411499023,
    14.131385803222656,
    14.158498764038086,
    14.097192764282227,
    14.117238998413086,
    14.121170043945312,
    14.100093841552734,
    14.083822250366211,
    14.109968185424805,
    14.068323135375977,
    14.081182479858398,
    14.019584655761719,
    14.044698715209961,
    14.087995529174805,
    14.147908210754395,
    14.064811706542969,
    13.959854125976562,
    13.92376708984375,
    13.939407348632812,
    13.901613235473633,
    13.86629867553711,
    13.862717628479004,
    13.932428359985352,
    13.802980422973633,
    13.9111967086792,
    14.010879516601562,
    13.980083465576172,
    14.001205444335938,
    13.999144554138184,
    14.031152725219727,
    13.98918342590332,
    14.074958801269531,
    14.130758285522461,
    14.188156127929688,
    14.205423355102539,
    14.111528396606445,
    13.91611385345459,
    14.003700256347656,
    14.048511505126953
  ]
}